id,category,question,answer
26492,REFUND,I need to check my goddamn restitution status,"I'm following your urgency to check the status of your restitution. Rest assured, I'm here to assist you. Could you please provide me with your {{Order/Transaction ID}} or any relevant details so that I can quickly look into this matter for you? Thank you for your patience and cooperation."
25547,ORDER,I'm trying to check the eta of purchase {{Order Number}},"Your message means a lot! I'm aligned with the idea that you are looking to check the estimated time of arrival (ETA) for your purchase with the purchase number {{Order Number}}. To provide you with accurate information regarding your ETA, could you please provide me with some additional details like your order date or any relevant tracking number? This will help me locate the specific purchase and provide you with the most up-to-date information. I'm here to assist you every step of the way!"
20230,ACCOUNT,assistance retrieving the access key of my user account,"Indeed! I'm here to assist you with retrieving the access key for your user account. 

To retrieve your access key, please follow these steps:

1. Please visit our website at {{Website URL}} and navigate to the login page.
2. On the login page, look for the option or link that says ""Forgot Access Key"" or something similar. Click on it.
3. You may be asked to provide some information to verify your identity. Please provide the required information accurately.
4. Once your identity is verified, the access key for your user account will be sent to your registered email address.
5. If you don't receive the access key email, please check your spam or junk folder as it may have been filtered there.
6. If you still can't find the access key email, please reach out to our customer support team at {{Customer Support Phone Number}} or through our live chat on the website. They will assist you in retrieving your access key.

I hope this helps! If you have any further questions or need additional assistance, please don't hesitate to let me know. Your satisfaction is our top priority!"
4876,INVOICE,take a quick look at the invoice #12588,Absolutely! I understand you would like a quick review of the invoice with the number {{Invoice Number}}. Let me assist you in accessing and examining the details of this invoice as swiftly as possible. Please bear with me while I retrieve the information.
22764,FEEDBACK,where can i submit my feedback for ur company,"We appreciate your desire to share your feedback with us! To submit your valuable feedback, you have a few options. You can visit our website and navigate to the ""Contact Us"" or ""Feedback"" page, where you'll find a form to fill out. Another option is to send us an email directly at feedback@company.com. Additionally, you can reach out to our customer support team through live chat or phone, and they will be more than happy to assist you in submitting your feedback. We look forward to hearing from you!"
23688,SHIPPING,i try to submit my shipping address,"I'm sensitive to the fact that you're experiencing difficulties while trying to submit your shipping address. Let's work together to resolve this issue. Here are some steps you can try:

1. Double-check the information: Make sure all the required fields are filled in correctly, including the address, zip code, and contact details. Any missing or incorrect information could prevent successful submission.

2. Clear your cache and cookies: Sometimes, technical issues can arise due to stored data in your browser. Clearing your cache and cookies can help refresh the page and resolve any submission problems.

3. Try a different browser: Certain browsers may have compatibility issues with our website. Attempt to submit your shipping address using a different browser. This can help identify whether the problem is browser-specific or not.

4. Contact our support team: If none of the above solutions work, our dedicated support team is ready to assist you further. They can guide you through the process, troubleshoot the issue in real-time, or assist with manual submission if necessary.

Please let me know if these suggestions help or if you need further assistance. Your satisfaction is our top priority."""
17053,SUBSCRIPTION,want help receiving your company newsletter,"I appreciate your interest in receiving our company newsletter and your willingness to seek assistance. To ensure you receive our newsletter, I can help you with the subscription process. If you could kindly provide me with your email address, I'll make sure you're added to our mailing list promptly. Rest assured, we value your privacy and will handle your information with the utmost care. Is there anything specific you'd like to know or any preferences you have regarding the content or frequency of our newsletter? Your feedback is valuable to us as we strive to provide you with relevant and engaging content that aligns with your interests."
19186,ORDER,order anitem,"Thank you for your interest in ordering an item from us! I'm here to guide you through the process and ensure a seamless experience. To get started, please provide me with the details of the item you would like to order, such as its name, quantity, and any specific variations or options. This will help me assist you more effectively in finding and placing your order. Feel free to ask any questions you may have along the way, and together we'll make sure you have a smooth and rewarding ordering experience."
19519,ORDER,I am trying to earn a product,That's fantastic to hear that you're interested in earning a product! We have some exciting options for you to explore. Could you please share more details about the type of product you're looking to earn? It would be my pleasure to guide you through the process and help you achieve your goal. Let's embark on this rewarding journey together!
11871,ACCOUNT,problem with standard account removals,"Thank you for bringing up the issue regarding the removal of standard accounts. I completely understand the importance of this process to our users. Can you please provide some more details about the specific problem you are facing? By understanding the nature of the issue, we can work together to find an appropriate solution and ensure a smooth account removal experience for you."
26605,REFUND,I am waiting for a rebate of {{Currency Symbol}}{{Refund Amount}},"I pick up what you're putting down, how important it is to receive the rebate of {{Currency Symbol}}{{Refund Amount}} that you are expecting. Your satisfaction is our priority, and I'm here to assist you in tracking the status of your rebate. Please allow me just a moment to look into it for you. I appreciate your patience."
7780,FEEDBACK,need to make a consumer reclamation against ur organization,"I'm truly sorry to hear that you are in a situation where you need to make a consumer reclamation against our organization. It's important to us that we address your concerns and rectify any issues you may have faced. To initiate the process, I kindly request you to provide me with the details of your reclamation. By thoroughly understanding the circumstances, we can take appropriate steps to resolve the matter and ensure your satisfaction. Thank you for bringing this to our attention, and I assure you that we will do our utmost to assist you through this process."
16798,REFUND,how could i get a retsitution of my money,"I understand your concern about obtaining a restitution of your money. It can be frustrating when you're seeking reimbursement for an issue or a faulty product. To initiate the process, I recommend reaching out to our customer service team. They have the expertise to guide you through the necessary steps, gather the required information, and ensure a smooth restitution process. By contacting our customer service department, you'll receive personalized assistance tailored to your specific situation, making it easier for you to obtain the reimbursement you deserve. Remember, you are not alone in this, and we are here to support you every step of the way."
12817,DELIVERY,is it possible to order from {{Delivery City}},"I'm happy to help! You can definitely place an order from {{Delivery City}} without any issue. We offer nationwide shipping, so no matter where you're located, you can take advantage of our wide range of products and services. Simply browse our website or reach out to our customer service team to explore your options and make your order. We're here to assist you every step of the way. Happy shopping from the beautiful city of {{Delivery City}}!"
26710,REFUND,check the current status of my rebate,"I grasp your need to check the current status of your rebate. Rest assured, I'm here to assist you. To provide you with the most accurate information, could you please provide me with the rebate reference number or any other details associated with your rebate? With this information at hand, I can quickly track the current status and provide you with an update. Thank you for your cooperation and patience."
23873,SHIPPING,could you help me set up the new shipping address?,"I'll do my best! I am here to guide you in setting up your new shipping address. Please follow the step-by-step instructions below:

1. Log in to your account on our website.
2. Navigate to the ""My Account"" or ""Profile"" section.
3. Look for the ""Shipping Addresses"" or similar option.
4. Select the option to ""Add a New Address"" or ""Edit Shipping Addresses"".
5. Fill in the required fields with the accurate details of your new shipping address, such as the street name, city, state, and zip code.
6. Once you have entered all the necessary information, review it to ensure its accuracy.
7. Save the changes you made to confirm and update your new shipping address.

If you encounter any difficulties or have specific questions during this process, please don't hesitate to reach out. I'll be more than happy to provide further assistance."
16760,REFUND,I ahve got to get rebates,"I fathom that you need assistance in obtaining rebates. I'm here to guide you through the process and ensure that you receive the compensation you are entitled to. To better understand your situation, could you please provide me with some details about the rebates you are looking to obtain? This information will help me provide you with the most accurate and efficient support. Rest assured, I am here to assist you every step of the way and to ensure that you are satisfied with the outcome."
15049,INVOICE,I want assistance downloading my invoices from {{Person Name}},"Definitely! I completely understand your need for assistance in downloading your invoices from {{Salutation}} {{Client Last Name}}. Allow me to guide you through the process step by step to ensure you can easily access your invoices and any other related information you may require. Together, we'll make sure you have everything you need at your fingertips."
2887,SHIPPING,i want information about a shipping address modification,"I'll take care of it! If you need to modify your shipping address, we are here to assist you. Please contact our customer service team via phone or email and provide them with your order information. They will guide you through the process and help update your shipping address accordingly."
134,ORDER,I need help with canceling purchase {{Order Number}},"I can relate to the understanding that you require assistance with canceling purchase {{Order Number}}. We apologize for any inconvenience caused. To ensure a seamless cancellation process, please follow these steps:

1. Sign in to your {{Online Company Portal Info}} using your credentials.
2. Navigate to the '{{Online Order Interaction}}' or '{{Online Order Interaction}}' section, where you can find all your past purchases.
3. Look for the purchase with the order number {{Order Number}}.
4. Click on the purchase to access the details page.
5. Locate the '{{Online Order Interaction}}' option associated with that specific purchase and select it.
6. You may be asked to confirm your cancellation and provide any necessary feedback.
7. Once the cancellation is successfully processed, you will receive a confirmation notification.

If you encounter any difficulties or have further questions, please don't hesitate to reach out to our dedicated support team. They are available during {{Customer Support Hours}} by phone at {{Customer Support Phone Number}} or via our Live Chat feature on our website at {{Website URL}}. We appreciate your understanding and value your satisfaction."
19738,ORDER,want help to order a few of your article,"Thank you for your interest in ordering a few of our articles. I'm here to provide you with the assistance you need to make the process smooth and enjoyable. To begin, could you please let me know which specific articles you are interested in? Once you share that information, I'll guide you through the steps to complete your order."
20470,ACCOUNT,I need help to retrieev my user PIN,"Oh, I understand the frustration and urgency you feel when you cannot retrieve your user PIN. Rest assured, I'm here to assist you in getting it back.

To retrieve your user PIN, please follow these steps:

1. Visit our platform's ""{{Login Page URL}}"".
2. Look out for the ""{{Forgot PIN}}"" option and click on it.
3. Enter the email address associated with your user account when prompted.
4. In a short while, you should receive an email with instructions on how to reset your PIN. If you don't find it in your primary inbox, be sure to check your spam or junk folder as well.
5. Follow the guidelines provided in the email to reset your PIN and regain access to your account.

If you encounter any difficulties or the email doesn't arrive within a reasonable time, please don't hesitate to reach out. We're here to support you every step of the way and ensure that you can regain access to your account."
2387,SHIPPING,I do not know how I can correct my shgipping address,"No worries! I'm here to help you. To correct your shipping address, please log in to your account and navigate to the ""Account Settings"" section. From there, you will be able to update your shipping information easily. Let me know if you need any further assistance!"
13460,DELIVERY,is it possible to see when will my package arrive?,"We understand your curiosity about the estimated delivery time for your package. To provide you with the most accurate information, could you please provide us with the {{Tracking Number}} or {{Order Number}}? With this information, we can check the status of your package and provide you with the estimated arrival date. We appreciate your cooperation in helping us serve you better."
18106,PAYMENT,i dont know how to inform of a trouble with payment,"Not a problem at all! I'm here to help you with informing us about any trouble you're facing with your payment. To make it easier for you, you can reach out to our customer support team through our website or contact our helpline. They will guide you through the process and provide you with the necessary assistance. Remember, we're always here to help you resolve any payment issues you may encounter."
15339,INVOICE,getbills from {{Person Name}},"Sure, I understand that you would like to retrieve the bills from {{Person Name}}. Let me check our system and gather the required information for you. Please bear with me for a moment while I retrieve the bills for you. Is there anything else I can assist you with?"
661,ORDER,question about canceling purchase {{Order Number}},I've deduced from your message that you have a question regarding canceling your purchase associated with the order number {{Order Number}}. How may I assist you with that?
25897,REFUND,I need assistance seeing the restitution status,"I fathom that you need assistance in tracking the status of your restitution. Rest assured, I'm here to help you with that. Could you please provide me with the details of your restitution, such as the date it was requested and any reference numbers or documentation you may have? With this information, I'll be able to investigate and provide you with an accurate update on the status of your restitution."
4520,INVOICE,see my blls from {{Person Name}},"I get it the importance of gaining access to your bills from {{Salutation}} {{Client Last Name}}. Let's work together to retrieve this information. Could you please provide me with some more details, such as the specific time period or any other relevant information that can help us locate the bills more efficiently? Rest assured, I'm here to guide you through the process and ensure you have a seamless experience."
2738,SHIPPING,can you tell me more about a delivery address correction?,"Indeed! If you need to correct a delivery address, please reach out to our customer service team. They will be able to assist you in making the necessary changes to ensure your package is delivered to the correct location."
26788,REFUND,"I want to check the goddamn rebate status, how to do it?","Firstly, I want to thank you for reaching out to us about the rebate status. I completely understand that you're eager to check the progress of your rebate. To assist you with this, could you please provide me with your {{Rebate Tracking Number}}? With that information, I will be able to quickly investigate the current status of your rebate and provide you with the most up-to-date information. Thank you for your cooperation, and I'm here to help you every step of the way."
17673,SUBSCRIPTION,"I have to cancel my subscription to your newsletter, help me","I'm sorry to hear that you want to cancel your subscription to our newsletter. We appreciate your previous interest and value your feedback. To assist you with the cancellation process, could you please provide me with the email address you used to subscribe to our newsletter? This will help me locate your subscription details and ensure a prompt resolution. Our goal is to always provide the best experience for our subscribers, so if you have any specific reasons for canceling or any suggestions for improvement, please don't hesitate to share. We are here to assist you in any way we can."
18344,PAYMENT,I want help notifying of an issue with payments,"I'm here to assist you with notifying the issue you're facing with payments. Your proactive action in reaching out to us allows us to promptly address and resolve the problem. To provide you with a tailored solution, could you please provide some specific details about the issue you're experiencing? By doing so, we can better understand the situation and work towards finding the best resolution for you. Thank you for bringing this matter to our attention, and please know that we are dedicated to ensuring a seamless payment experience for you."
20166,ACCOUNT,can uhelp me to retrieve the pass of my account,"Of course! I'm here to assist you with retrieving the password for your account. Losing access to your account can be frustrating, but don't worry, we'll get it sorted out together. Here are the steps you need to follow:

1. Firstly, head over to our platform's login page.
2. Look for the ""Forgot Password"" option and click on it.
3. You'll be prompted to enter the email address linked to your account.
4. Once you've entered your email, a password reset email will be sent to you shortly.
5. Be sure to check your inbox (including the spam or junk folder) for the email.
6. Follow the instructions provided in the email to reset your password and regain access to your account.

If you encounter any issues or need further assistance throughout the process, feel free to reach out to me. We're here to support you every step of the way!"""
19836,ORDER,I don't know what I have to do to shop some itmes,"I'm on the same page, your uncertainty about how to shop for items. No worries, I am here to guide you through the process step by step. To get started, could you please specify the type of items you are interested in? Once I have that information, I will provide you with detailed instructions on how to proceed with your purchase."
4408,INVOICE,check invoices from eleven months ago,"I acknowledge that you're looking to check invoices from eleven months ago. To assist you with this, could you please provide me with the specific date range for the invoices you would like to review? Once I have this information, I can guide you on how to access and view the invoices from that time period. Your satisfaction is my priority, and I'm here to help you every step of the way."
24576,ACCOUNT,I don't know what to do to switch to the {{Account Category}} account,"No need to worry! I'm here to guide you through the process of switching to the {{Account Category}} account and make it easy to understand:

1. Access Your Account: Start by logging into our platform using your existing credentials.
2. Account Settings: Once logged in, navigate to the '{{Settings}}' section.
3. Account Type: Look for an option that allows you to '{{Account Change}}' or '{{Upgrade Account}}'.
4. Choose {{Account Category}}: From the available options, select the '{{Account Type}}' type.
5. Confirmation: Follow the on-screen prompts to confirm your account switch.

If you encounter any difficulties or have additional questions, feel free to reach out. We're here to support you every step of the way. Enjoy the benefits of your new {{Account Category}} account!"
22917,SHIPPING,could you help me  enter another shipping address?,"Sure! I'm here to assist you in entering another shipping address. To get started, please follow these steps:

1. Log in to your account on our platform.
2. Navigate to the ""My Account"" or ""Profile"" section.
3. Look for the option labeled ""Shipping Addresses"" or something similar.
4. Choose the option to ""Add a New Address"" or ""Edit Shipping Addresses"".
5. Enter the details of the new shipping address in the appropriate fields.
6. Double-check the accuracy of the information provided.
7. Save the changes.

If you encounter any issues or if the steps look different for you, please provide more specific details about the problem you're facing, and I'll be more than happy to provide further assistance!"""
17190,SUBSCRIPTION,what do I need to do to receive the corporate newsletter?,"Thank you for your interest in receiving our corporate newsletter! To subscribe, all you need to do is provide us with your email address. Once you've shared your email address with us, you'll start receiving our engaging and informative corporate newsletters directly in your inbox. Don't worry, we prioritize the privacy and security of your information, and you can always unsubscribe at any time if you no longer wish to receive our newsletters. If you have any other questions or need further assistance, feel free to let me know!"
9492,CONTACT,assistance contacting a person,I see what you mean! I'm on the same page that you need assistance in contacting a person. Our team of dedicated human agents is here to help you with any questions or concerns you may have. Please allow me a moment to connect you with the right person who can provide the support you need.
25020,ORDER,help me see the eta of purchase {{Order Number}},"It's great to hear from you! I can see that you need assistance in checking the estimated time of arrival (ETA) for your purchase with the purchase number {{Order Number}}. To view the ETA, I recommend accessing the ""{{Purchase Details}}"" section on our website. There, you will find detailed information about your purchase, including the ETA. If you encounter any difficulties or require further clarification, please let me know. I'm here to help and ensure you have a smooth experience throughout."
18880,PAYMENT,i dont know how to notify of troublse with payments,"Oh, no problem at all! I'm here to assist you with notifying us about any troubles you're facing with your payments. To notify us of any payment issues, you can reach out to our customer support team through our dedicated helpline or by sending an email to our support email address. Our team is available {{Customer Support Hours}} to assist you and will guide you through the process of reporting the troubles you're experiencing. Rest assured, we're fully committed to resolving any payment issues you may be encountering. Thank you for bringing this to our attention, and we appreciate your patience and cooperation in getting this resolved."
22969,SHIPPING,can you help me submit the secondary delivery address?,"I've understood, you're seeking assistance in submitting your secondary delivery address. I apologize for any confusion or difficulties you may be facing. Let's work together to resolve this.

To submit your secondary delivery address, please follow these steps:

1. Log in to your account on our website.
2. Navigate to the ""My Account"" or ""Profile"" section.
3. Look for the ""Shipping Addresses"" or similar option.
4. Select the ""Add a New Address"" or ""Edit Shipping Addresses"" option.
5. Fill in the necessary details for your secondary delivery address.
6. Double-check all the information for accuracy.
7. Save the changes to submit your secondary delivery address.

If you encounter any issues during this process or if you have any further questions, please don't hesitate to let me know. I'm here to assist you every step of the way."
219,ORDER,cance order {{Order Number}},"I can sense that you need assistance with canceling order {{Order Number}}. Let's work together to resolve this issue. 

To cancel your order, please follow these steps:

1. Log into your {{Online Company Portal Info}} using your credentials.
2. Navigate to the '{{Online Order Interaction}}' or '{{Online Order Interaction}}' section to access your order details.
3. Look for the specific order with the number {{Order Number}} and click on it.
4. Within the order details, you should find a '{{Online Order Interaction}}' option. Please select it to initiate the cancellation process.
5. The system may prompt you with additional questions to confirm your cancellation. Please provide the necessary information when asked.
6. Once the cancellation process is completed, you will receive a confirmation notification.

If you encounter any difficulties or have further questions, our dedicated customer support team is available to assist you. You can reach them during {{Customer Support Hours}} at {{Customer Support Phone Number}} or through the Live Chat feature on our {{Website URL}}. Your satisfaction is our top priority, and we appreciate your patience throughout this process."
20984,ACCOUNT,i want help to notify of registration problems,"Appreciate your message to us to notify us about the registration problems you're facing. We understand the importance of a seamless registration process, and we apologize for any inconvenience caused. To assist you better, please provide us with more specific details about the issues you encountered during registration. Your feedback is valuable to us, and we are committed to ensuring a smooth and hassle-free registration experience for our users."
26646,REFUND,I do not know how to know if there are any news on my rebate,"I've noticed that you're unsure about how to check for updates on your rebate. Rest assured, I'm here to help you with that. To get the latest information on the status of your rebate, you can reach out to our customer support team through our website or contact them directly at {{Customer Support Phone Number}}. Our agents will be more than happy to assist you and provide you with the most up-to-date details regarding your rebate. Is there anything else I can assist you with?"
19067,ORDER,help me to earn some of ur item,"I appreciate your interest in earning some of our items! Our company values loyal customers like you and offers various ways for you to earn rewards or discounts. One option is to sign up for our loyalty program, where you can accumulate points with each purchase and redeem them for future discounts or free items. Another option is to refer friends or family members to our store. When they make a purchase using your unique referral code, both you and your referral can receive exclusive rewards. Additionally, keep an eye out for special promotions or events where you can earn bonus rewards. If you have any specific items in mind or if you'd like more information about our earning opportunities, feel free to let me know! Together, we'll ensure you make the most of your efforts in earning our items."
16742,REFUND,reimburse {{Refund Amount}} dollars,"I can see that you're seeking reimbursement for the amount of ${{Refund Amount}}, and I apologize for any inconvenience caused. To expedite the process, I recommend reaching out to our customer support team, who will guide you through the necessary steps. They can be reached at {{Customer Support Phone Number}} or through the Live Chat on our website at {{Website URL}}. Our dedicated team will assess your request promptly and ensure that you receive the reimbursement you are entitled to."
20570,ACCOUNT,i have got to retrieve the pwd of my user account,"I'm sorry to hear that you're having trouble retrieving the password for your user account. Don't worry, I'm here to assist you in recovering it. Here's the process we can follow:

1. Please navigate to the ""{{Forgot Password}}"" option on our platform's login page.
2. Once you click on it, you'll be prompted to provide your email address associated with your user account.
3. After entering your email, a password reset email will be sent to you shortly. Please keep an eye on your inbox, and don't forget to check your spam or junk folder if you don't see it within a few minutes.
4. Open the password reset email and carefully follow the instructions provided to create a new password for your user account.
5. Once you've successfully created a new password, you should be able to log in to your user account using the updated credentials.

If you encounter any difficulties during this process or have any further questions, please don't hesitate to reach out to me. I'm here to provide you with the support you need. Let's get your password retrieved and have you back in your user account as soon as possible!"
21678,ACCOUNT,can ya help me notify of registration errors,"Thank you for getting in touch to us for assistance with notifying us about the registration errors you are experiencing. We understand how frustrating it can be to encounter issues during the registration process, and we're here to help you resolve them. To properly notify us of the errors, please provide us with detailed information about the specific errors you encountered, such as error messages or any steps you took before encountering the errors. The more information you provide, the better equipped we'll be to investigate and resolve the issues. Rest assured, your feedback is crucial in improving our registration process and ensuring a seamless experience for all our users."
9584,CONTACT,i have to speak to a eprson,"Thank you for contacting! I certainly recognize that you need to speak to a person. Your concern is important to us, and we want to ensure that you receive the appropriate assistance. Kindly allow me to connect you to one of our skilled representatives who will be able to help you with your query. Please bear with me for a moment while I transfer you to the right person."
4228,INVOICE,see bill from {{Person Name}},"We appreciate your inquiry to us for help with checking the bill from {{Salutation}} {{Client Last Name}}. I understand the importance of locating this bill for you. Could you please provide me with any additional details such as a date range or any relevant information to assist you further? Rest assured, I am here to guide you every step of the way and ensure you have a satisfactory resolution."
15357,INVOICE,i call to get my bill #12588,"I'm picking up what you're putting down, your need to retrieve the bill with the number #{{Invoice Number}}. Calling us is a great way to get immediate assistance with accessing your bill. Our customer service representatives are trained to provide the information you need and guide you through the process. Just provide them with the invoice number, and they will assist you in retrieving it. Remember, we are here to support you, so feel free to reach out whenever you need help with your invoice or any other queries you may have."
4518,INVOICE,assistance to locate hte bill from {{Person Name}},"Positively! I understand your need to locate the bill from {{Salutation}} {{Client Last Name}}. To assist you more effectively, could you please provide me with any additional information such as the date range, invoice number, or any specific details related to the bill? Rest assured, I am here to guide you every step of the way and ensure your satisfaction."
15273,INVOICE,what do I have to do to get the bill from {{Person Name}}?,"For sure! I completely understand your need to access the bill from {{Salutation}} {{Client Last Name}}. To retrieve the bill, you can follow these steps:

1. Log in to your account on our website.
2. Navigate to the ""Billing"" or ""Invoices"" section.
3. Look for the option to view or download your invoices.
4. Enter the necessary details, such as the invoice number or date range, if prompted.
5. Locate the specific bill you're requesting, which should be associated with {{Person Name}}.
6. Click on the bill to view or download it in PDF format.

If you encounter any difficulties or if {{Person Name}} is not associated with your account, please don't hesitate to reach out to our customer support team. We're here to assist you further and ensure that you have the information you need."
10104,ACCOUNT,I'm looking for information about creating standard accounts,"Thank you for your interest in creating a standard account with us! {{Account Type}} accounts offer a wide range of features and benefits tailored to meet your needs. To create a standard account, you can visit our website and click on the ""Sign Up"" or ""Create Account"" button. From there, you will be guided through a simple registration process where you will need to provide some basic information such as your name, email address, and a password. Once you have completed the registration, you will have access to all the features and benefits of a standard account. If you have any questions or need further assistance, feel free to reach out to our customer support team who will be more than happy to assist you. We look forward to welcoming you as a valued member of our standard account community!"
9797,CONTACT,uare not ehlpful i need assistance to speak to a person,"Thank you for reaching out. I'm sorry if you feel that our previous responses were not helpful. I understand that you need assistance to speak to a person. Rest assured, I'm here to help you. Could you please provide me with more details about the issue you're facing? This will help me better understand your concern and ensure that I connect you with the most appropriate person who can assist you further. Thank you for your patience."
20958,ACCOUNT,i cant create a user need help reportinga sign-up problem,"We understand how frustrating it can be to encounter difficulties while creating a user account and reporting a sign-up problem. We're here to assist you every step of the way. To better help you, could you please provide more specific details about the issue you're facing? This will allow us to quickly identify and resolve the problem, ensuring a smooth and hassle-free sign-up process for you. Your feedback is incredibly valuable, and we appreciate your patience as we work together to address this concern."
18826,PAYMENT,I need assistance solving a trouble with payment,"I understand how frustrating it can be to encounter payment troubles, but don't worry, I'm here to assist you every step of the way. To better help you, could you please provide me with more details about the specific trouble you are experiencing with your payment? By understanding the issue at hand, I can provide you with the most accurate and effective solution. Thank you for reaching out, and I'm committed to resolving this trouble with your payment promptly and efficiently."
17774,SUBSCRIPTION,tell me about the subscription to your corporate newsletter,"I'll do my best! Our corporate newsletter subscription provides you with the latest updates, news, and insights about our company. By subscribing, you'll gain exclusive access to valuable content, including new product launches, industry trends, and special offers. It's a great way to stay informed and connected with our brand. You can expect to receive regular newsletters directly in your inbox, so you'll never miss any important information. If you're interested in subscribing, just let me know and I'll guide you through the process."
3604,CANCEL,can you show me the early termination fee?,I'll do my best! Let me help you find the information regarding the early termination fee.
26601,REFUND,I try to know if there is anything new on my refund,"I've come to understand that you're eager to stay updated on the progress of your refund. Rest assured, I'm here to assist you with the latest information. Let me quickly check the status of your refund and provide you with an update. Thank you for your patience while I gather the details."
3440,CANCEL,need help seeing the fucking withdrawal charge,Apologies for the inconvenience. I understand you're looking to view the withdrawal charge. I'll be glad to assist you with that. Please allow me a moment to gather the necessary information for you.
3717,CANCEL,I want assistance seeing the early termination fee,"To assist you with seeing the early termination fee, you can either refer to your contract or contact our customer service team who will be happy to provide you with the necessary information."
2462,SHIPPING,I need information about correcting the shipping address,"I'm glad you contacted us to us regarding your concerns about correcting the shipping address. We understand the importance of having accurate delivery information, and we are here to assist you with this matter. To update your shipping address, you can go to your account settings and make the necessary changes. If you encounter any issues or need further assistance, please don't hesitate to contact our customer support team. They will be more than happy to help you resolve any concerns regarding your shipping address."
15762,INVOICE,I am  trying to download invoice #00108,"I see your situation regarding the download of invoice #{{Invoice Number}}. Allow me to assist you with that. To download your invoice, you can log in to your account on our website and navigate to the ""Billing"" or ""Invoices"" section. From there, you should be able to find and download the invoice with the number #{{Invoice Number}}. If you encounter any difficulties or have any further questions, please don't hesitate to let me know. I'm here to help you every step of the way."
6022,REFUND,in what situations can i ask for a refund,"I appreciate your inquiry about refund situations. It's essential to know when you're eligible for a refund. Here are some common scenarios where you can typically request a refund:

1. **Product/Service Defect:** If the product or service you received has a defect or doesn't meet the description provided, you should be eligible for a refund.
2. **Cancellation within Grace Period:** If you change your mind about a purchase and cancel within the stipulated grace period, you can typically request a refund.
3. **Unauthorized Charges:** If you notice any charges on your account that you didn't authorize, we will investigate the situation and assist you with a refund if necessary.
4. **Event Cancellation:** If you purchased tickets for an event that gets canceled and not rescheduled, you may be eligible for a refund.
5. **Duplicate Charges:** If you discover duplicate charges for the same item on your billing statement, please let us know so we can promptly issue a refund.
6. **Non-receipt of Goods/Services:** If you haven't received the goods or services you ordered within the expected timeframe, you can request a refund.

Please keep in mind that specific vendors or service providers may have their own refund policies, so it's always a good idea to review their terms and conditions or reach out to them directly for more information. If you have any specific concerns or need assistance with a particular order, please provide me with the necessary details, such as the order number, and I'll be happy to help you further."
8505,CONTACT,i need help to see at what time i can call  customer support,Thank you for reaching out! I understand your need to know the operating hours to call our customer support team. Our customer support team is available from {{Customer Support Hours}} to assist you with any questions or concerns you might have. I'm here to help you further. Is there anything else I can assist you with?
693,ORDER,need help canceling purchase {{Order Number}},"I fully comprehend the urgency of canceling your purchase with the order number {{Order Number}}. I apologize for any inconvenience caused. Let me guide you through the cancellation process in a seamless manner:

1. Get Logged In: Begin by signing into your {{Online Company Portal Info}}.
2. Locate Your Orders: Within the platform, look for the section labeled '{{Online Order Interaction}}' or '{{Online Order Interaction}}'.
3. Identify the Purchase: Find the purchase associated with the order number {{Order Number}} and click on it to access the details.
4. Initiate Cancellation: You will find an option to '{{Online Order Interaction}}' linked to your purchase. Please select it.
5. Follow Any Additional Steps: There might be a few queries or feedback requirements from our system. Please provide the necessary information to complete the cancellation.

If you encounter any challenges or have further questions along the way, our dedicated support team is always available. Reach out to us during {{Customer Support Hours}} at {{Customer Support Phone Number}} or use the Live Chat feature on our {{Website URL}}. We understand the importance of resolving this matter promptly and are committed to providing you with the assistance you need."
14171,ACCOUNT,I'd like to update the details on my account i need help,"Ah, the fascinating endeavor of updating the intricate details of your account.I am honored to be your trusted guide on this transformative journey toward customization and self-expression. With your account details in mind, could you please provide me with the specific information you would like to update? I'm here to assist you every step of the way. Together, we'll create a personalized and seamless experience tailored to your preferences. Let's get started!"
22724,FEEDBACK,is there an address to send a review?,"Thank you for your interest in submitting a review. We greatly appreciate your feedback! In order to provide you with the most accurate information, could you please specify the type of review you would like to send? Is it a review for a specific product, service, or our overall company? This will help me guide you to the appropriate address or platform where you can submit your feedback."
6622,REFUND,i have to see in what casescan i request a reimbursement,"Absolutely! I understand your need to understand the cases in which you can request a reimbursement. Here's a breakdown of some common situations where you may be eligible for a reimbursement:

1. **Product/Service Dissatisfaction:** If you are not satisfied with the product or service you received, and it does not meet your expectations, you may be able to request a reimbursement.
2. **Delivery Issues:** If your order is lost, damaged, or delayed significantly during delivery, you may be eligible for a reimbursement.
3. **Unauthorized Charges:** If you notice any unauthorized charges on your account or credit card statement, it's important to report them immediately to request a reimbursement.
4. **Faulty or Defective Products:** If you receive a product that is faulty, defective, or damaged, you can request a reimbursement for the purchase amount.
5. **Cancellation within the Cancellation Period:** If you change your mind about a purchase and cancel it within the specified cancellation period, you can typically request a reimbursement.
6. **Misrepresentation or False Advertising:** If a product or service is significantly different from how it was described or advertised, you may be able to request a reimbursement.

Please keep in mind that specific refund policies can vary depending on the product, service, or vendor. It's always a good idea to review the terms and conditions or contact customer support for further clarification. If you have any specific concerns or questions regarding a particular purchase, please provide me with the relevant details, such as the order number or product name, and I'll be happy to assist you further.

Is there anything else I can help you with?"
13799,DELIVERY,I need help to check how soon can I expect my article,"We understand your curiosity and eagerness to know when you can expect your article to arrive. To provide you with the most accurate information, could you please provide us with the {{Tracking Number}} or {{Order Number}}? With this information, we can check the status of your article and provide you with an estimated delivery date. We appreciate your patience and cooperation in this matter."
24689,ACCOUNT,can you help me to change to the goddamn pro account?,"Sure! I'm here to assist you in switching to our {{Account Type}} account hassle-free:

1. Sign-in: Begin by logging into your account on our platform.
2. Profile Settings: Navigate to the account settings or profile section.
3. Upgrade Option: Look for an option labeled ""{{Upgrade Account}}"" or ""{{Account Change}}"".
4. {{Account Type}} Account Selection: Choose the ""{{Account Type}}"" option from the available choices.
5. Finalize the Change: Follow the on-screen prompts to complete the switch.

If you encounter any difficulties during the process or have any additional queries, feel free to reach out. I'm here to ensure a seamless transition for you. Get ready to enjoy the enhanced benefits that come with our {{Account Type}} account!"
18394,PAYMENT,help to notify of payment issues,"We're here for you and seeking assistance with notifying us about the payment issues you're encountering. I understand how frustrating it can be when payments don't go as smoothly as expected. Rest assured, I'm here to help you resolve this matter and ensure that your concerns are properly addressed. To proceed further, could you please provide me with more details about the specific payment issues you're facing? It's essential for us to gather as much information as possible to investigate and find a suitable solution. Your cooperation is greatly appreciated, and together, we'll work towards resolving this matter promptly."
6840,REFUND,I try to see in what cases can I ask for my damn money back,"Positively! I completely understand your need to gain clarity on the circumstances under which you can request a refund and access our money back policy.

Please allow me to assist you by providing the specific situations in which you may be eligible for a refund:

1. **Product/Service Defect:** If the product or service you have purchased is defective or does not match the description provided, you are typically entitled to a refund.

2. **Cancellation within Grace Period:** Should you change your mind and decide to cancel your purchase within the designated grace period, you should be able to receive a refund.

3. **Unauthorized Charges:** I apologize for any inconvenience caused by unauthorized charges. If you notice any charges on your account that you did not authorize, please inform us immediately, and we will investigate and assist you accordingly.

4. **Event Cancellation:** If you have purchased tickets for an event that has been canceled and no rescheduled date has been announced, you would typically be eligible for a refund.

5. **Duplicate Charges:** In the event that you are charged multiple times for the same item, please reach out to us so that we can rectify the situation and provide a prompt refund.

6. **Non-receipt of Goods:** If you have not received your product within the expected time frame, please let us know, as you may be eligible for a refund in such cases.

I understand the importance of resolving any concerns you may have about refunds. It's important to note that refund policies may vary depending on the vendor or service provider. To gain a comprehensive understanding of our specific money back policy, I recommend reviewing the terms and conditions or contacting our customer support team. They are available {{Customer Support Hours}} at {{Customer Support Phone Number}} or through the Live Chat on our website at {{Website URL}}.

If there is anything else I can assist you with, please feel free to let me know. Your satisfaction is our utmost priority."
16122,REFUND,"I paid {{Currency Symbol}}{{Refund Amount}} for this item, help me receiving a compensation","I'm not mistaken your frustration in paying ${{Refund Amount}} for this item and not receiving the compensation you expected. It's important to us to ensure that you feel supported and valued throughout this process. Could you please provide me with more details about the situation? This will help me better understand the issue and assist you in the most appropriate manner. Rest assured, I'm here to guide you and work towards achieving a satisfactory resolution that you deserve."
9094,CONTACT,ii have got to chat with an operator,"Thank you for reaching out! I completely understand that you have an urgent need to chat with an operator. Rest assured, I'm here to help you with that. Allow me a moment to connect you to one of our skilled operators who will provide you with the assistance you require. Please stay on the line."
17143,SUBSCRIPTION,i need help to unsubscribe to the corporate newsletter,"I can tell that you're looking for assistance in unsubscribing from our corporate newsletter. We apologize for any inconvenience caused, and we're here to help you with that. Please provide me with the email address you used to subscribe, and I'll ensure that your request is processed promptly. Rest assured that we respect your preferences, and your information will be handled with the utmost care. Thank you for your understanding and patience as we work together to resolve this matter."
20937,ACCOUNT,I need support weith my sign-up,"We understand that signing up for our service can sometimes be challenging, and we appreciate your reaching out for support. Our team is here to assist you every step of the way. Could you please provide us with more details about the specific issues you encountered during the sign-up process? Understanding the specific challenges you faced will allow us to provide you with the most effective assistance. Rest assured, we are committed to resolving any sign-up problems you may have encountered and ensuring a smooth and hassle-free registration experience for you."
13585,DELIVERY,help me check how soon can I expect my order,"Grateful you reached out to us for assistance with checking the estimated arrival time of your order. To provide you with an accurate update, could you please provide the {{Order Number}} or {{Tracking Number}}? With this information, I will be able to determine the expected delivery date and provide you with the necessary details. We appreciate your patience and look forward to assisting you further!"
19895,ACCOUNT,i do not know what i need to do to restore my pin code,"I'm picking up what you're putting down, your confusion and uncertainty regarding the process to restore your pin code. Rest assured, I'm here to guide you through it. 

To restore your pin code, please follow these simple steps:

1. Log in to your account using your current pin code.
2. In the account settings or security settings section, look for an option to manage or change your pin code.
3. Select that option, and you should see a prompt to enter your new pin code.
4. Enter the new pin code that you would like to set. Make sure it meets the specified requirements, such as length and complexity.
5. Once you've entered the new pin code, confirm it, and save the changes.

If you encounter any difficulties or have any further questions along the way, please don't hesitate to reach out. I'll be more than happy to assist you at every step. Remember, we're in this together, and together we'll restore your pin code successfully!"
2390,SHIPPING,there is a problem modifying the shipping address,"I apologize for the inconvenience. If you are experiencing difficulties updating your shipping address, please contact our customer support team and we will assist you in resolving the problem promptly."
17385,SUBSCRIPTION,I want to subscribe to the newsletter,"That's fantastic! It's great to see your enthusiasm for our newsletter. Subscribing to our newsletter is an excellent way to stay up-to-date with the latest news, events, promotions, and exclusive offers from our company. To proceed with your subscription, could you please provide me with your email address? Once subscribed, you'll start receiving our newsletter directly to your inbox. We value your privacy and assure you that your personal information will be handled with the utmost care and confidentiality. Thank you for choosing to be a part of our community!"
12413,DELIVERY,help me seeing what options for delivery you offer,"Unquestionably! Let's embark on a journey through the realm of delivery options, where convenience and choice are at your fingertips. Explore our range of shipping possibilities:

1. Standard Shipping: Delight in the anticipation as your package arrives within {{Date Range}} business days.
2. Expedited Shipping: Experience the swiftness of delivery as your items reach you in {{Date Range}} business days.
3. Overnight Shipping: For those with urgent needs, rest assured your package will arrive the next business day.
4. In-Store Pickup: Enjoy the ease of collecting your items from one of our {{Store Location}}, perfect if you prefer a personal touch.

We pride ourselves on tailoring our delivery options to match your preferences. If you have any specific requirements or further inquiries, please don't hesitate to ask. Your satisfaction is our utmost priority!"
19725,ORDER,I don't know how to shop some items,"I sense a bit of confusion in your message, and that's completely okay! It's natural to feel unsure at times. Don't worry, I'm here to guide you through the process of shopping for the items you're interested in. First, let's start with the basics. Do you have a specific item in mind, or are you looking for recommendations? Let me know your preferences, and I'll be more than happy to assist you every step of the way. Together, we'll make this shopping experience smooth and enjoyable for you."
3257,CANCEL,were do I see the early termination charges?,Absolutely! I can assist you in locating the information regarding the early termination charges.
22180,FEEDBACK,I do not know how I can send my feedback about your company,"Thank you for contacting and expressing your interest in providing feedback about our company. We greatly appreciate your willingness to share your thoughts with us. To send your feedback, you can visit our website and navigate to the 'Contact Us' page. There, you will find options to send an email, use the live chat feature, or fill out a feedback form. We value your perspective and look forward to hearing from you. If you have any further questions or need assistance, I am here to help!"
25360,ORDER,where can i check purchase {{Order Number}} status,"We appreciate your message! It's clear to me that you would like to check the status of your purchase with the purchase number {{Order Number}}. To view the status, you can visit the '{{Order Status}}' section on our website. Once there, enter the purchase number in the designated field, and the current status will be displayed. If you have any further questions or need assistance, feel free to let me know. I'm here to help!"
15894,INVOICE,"I want to download the invoice from {{Person Name}}, help me","I hear you loud and clear your need to download the invoice from {{Salutation}} {{Client Last Name}}. Let me assist you with that. To download the invoice, please follow these steps:
1. Log in to your account on our website.
2. Navigate to the ""My Invoices"" section.
3. Look for the invoice with {{Person Name}}' name and click on the download button next to it.
If you encounter any difficulties during the process, please let me know, and I'll be glad to provide further assistance."
20838,ACCOUNT,what do i need to do to recover my user account pin code,"For sure! I understand that you're seeking guidance on recovering the PIN code for your user account. Allow me to assist you through the process:

1. Start by visiting the ""{{Account Recovery Page URL}}"" on our platform.
2. Look for the option labeled ""{{Recover PIN}}"" and select it.
3. You may be prompted to provide some verification details to confirm your identity. This step is in place to ensure the security of your account.
4. Once your identity is verified, you should receive an email containing instructions on how to reset or retrieve your PIN code. Please check both your primary and secondary email folders, as it may end up in either of them.
5. Follow the instructions provided in the email carefully to regain access to your account and retrieve your PIN code.

If you encounter any difficulties during this process or need further assistance, please don't hesitate to reach out. We're here to support you every step of the way!"""
6592,REFUND,help me see in wht cases can I request reimbursements,"I appreciate your inquiry about the cases in which you can request reimbursements. Understanding the situations that warrant reimbursements is crucial for a stress-free experience. Here are some common scenarios where you may be eligible for a refund:

1. **Product/Service Defect:** If the product or service you received is defective or doesn't meet your expectations, you are typically entitled to a refund.
2. **Cancellation within Grace Period:** Should you change your mind shortly after making a purchase or signing up for a service, canceling within the designated grace period often allows for a refund.
3. **Unauthorized Charges:** If you notice any charges on your account that you did not authorize or recognize, please inform us immediately so that we can investigate the situation and assist you accordingly.
4. **Non-receipt of Goods/Services:** If your ordered item or service has not been delivered within the expected timeframe or if you have not received them at all, you may be eligible for a refund.
5. **Double Billing/Duplicate Charges:** Mistakes happen, and if you see duplicate charges on your account for the same item or service, please let us know so that we can promptly refund the extra charge.
6. **Event Cancellation:** If you purchased tickets for an event that gets canceled and is not rescheduled, you would usually be eligible for a refund.

Please keep in mind that specific refund policies may vary depending on the vendor or service provider. To ensure you have accurate information, I recommend reviewing the terms and conditions or contacting the vendor directly for more details. If you have any specific concerns or questions about a particular order or purchase, please provide me with the necessary details, such as the {{Order Number}} or relevant information, and I'll dive deeper into the matter for you.

Is there anything else I can assist you with?"
14149,ACCOUNT,I don't know how to change the personal information,"Your interest in changing your personal information is truly valued!I'm here to provide you with the necessary guidance. To change your personal information, you can log into your account on our platform and navigate to the account settings or profile section. There, you should find options to update your personal information such as name, address, or contact details. If you encounter any difficulties or need further assistance, please don't hesitate to reach out to our dedicated customer support team. We're here to ensure a seamless experience for you."
25431,ORDER,"I have to see the bloody ETA of order {{Order Number}}, I need help","I hear you! I'm following you that you need assistance with tracking the estimated time of arrival (ETA) for your order with the number {{Order Number}}. Tracking the ETA is crucial for staying updated on your purchase's progress, and I'm here to guide you through the process. To obtain the ETA for your order, please visit the '{{Order Status}}' section on our website. Feel free to let me know if you have any other questions or concerns. It's my goal to provide you with a seamless experience and ensure you feel supported every step of the way."
25384,ORDER,check order {{Order Number}} status,"Thanks for getting in touch! I grasp that you would like assistance in checking the status of your order with order number {{Order Number}}. To view the status, I recommend visiting the ""{{Order Tracking}}"" section on our website. This section will provide you with the most up-to-date information about your order and its current status. If you have any further questions or require additional support, please don't hesitate to let me know. I'm here to help you every step of the way!"
11529,ACCOUNT,i dont know what i need to do to remove the freemium account,"I get that you're unsure about the process of removing your freemium account. Don't worry, I'm here to assist you every step of the way. To remove your freemium account, you can follow these simple steps:

1. Log in to your account on our website.
2. Navigate to your account settings or profile page.
3. Look for an option or button related to account removal or cancellation.
4. Click on the option/button, and you may be prompted to confirm your decision.
5. Follow any additional instructions provided to complete the removal process.

If you encounter any difficulties or have further questions, please feel free to let me know. I'm here to ensure that your freemium account removal goes smoothly and that you have a positive experience throughout the process."
20681,ACCOUNT,I want help resetting the pwd of my account,"I'm on it! I understand your need for assistance in resetting the password for your account. Let's work together to resolve this issue and restore your access.

To begin with, could you please provide me with the email address associated with your account? This will enable me to guide you accurately.

Once I have the email address, I will be able to provide you with the necessary steps to reset your account password. Rest assured, I'm here to support you throughout the process."
10634,ACCOUNT,how can I open a platinum account?,"That's fantastic! I'm thrilled to guide you through the process of opening a {{Account Category}} account with us. To get started, I will need some essential information from you. Could you please provide me with your full name, email address, and a preferred username? Once I have these details, I will walk you through the steps, ensuring you are informed every step of the way. We take the security and privacy of your information very seriously, so rest assured that all your data will be handled with the utmost care. Let's embark on this exciting journey together!"
9345,CONTACT,I have to contact an operator,"I hear you! I'm following you that you need to contact an operator. I'm here to help you with that. Could you please provide some more details about the nature of your query or the specific department you wish to reach? With this information, I can ensure that you are connected to the right operator who can assist you effectively. Your collaboration is greatly appreciated, and we'll work together to find the best solution for you."
16925,SUBSCRIPTION,I'd like to unsubscrie to the corporate newsletter help me,"I certainly recognize your desire to unsubscribe from our corporate newsletter. Your satisfaction is of utmost importance to us, and we want to ensure that our content aligns with your preferences. To assist you in the process, could you please provide me with the email address that you used to subscribe to the newsletter? This information will help us locate your subscription in our system and promptly initiate the cancellation. Rest assured that your privacy is highly valued, and we will handle your request with the utmost care. Thank you for reaching out to us, and we appreciate your understanding as we work to resolve this matter for you."
